2021-08-01 00:00:00 ~ 2021-08-02 00:00:00,360
2021-08-02 00:00:00 ~ 2021-08-03 00:00:00,287
2021-08-03 00:00:00 ~ 2021-08-04 00:00:00,246
2021-08-04 00:00:00 ~ 2021-08-05 00:00:00,343
2021-08-05 00:00:00 ~ 2021-08-06 00:00:00,791
2021-08-06 00:00:00 ~ 2021-08-07 00:00:00,840
2021-08-07 00:00:00 ~ 2021-08-08 00:00:00,723
2021-08-08 00:00:00 ~ 2021-08-09 00:00:00,210
2021-08-09 00:00:00 ~ 2021-08-10 00:00:00,825
2021-08-10 00:00:00 ~ 2021-08-11 00:00:00,815
2021-08-11 00:00:00 ~ 2021-08-12 00:00:00,126
2021-08-12 00:00:00 ~ 2021-08-13 00:00:00,0
2021-08-13 00:00:00 ~ 2021-08-14 00:00:00,0
2021-08-14 00:00:00 ~ 2021-08-15 00:00:00,0
2021-08-15 00:00:00 ~ 2021-08-16 00:00:00,0
2021-08-16 00:00:00 ~ 2021-08-17 00:00:00,0
2021-08-17 00:00:00 ~ 2021-08-18 00:00:00,0
2021-08-18 00:00:00 ~ 2021-08-19 00:00:00,0
2021-08-19 00:00:00 ~ 2021-08-20 00:00:00,0
2021-08-20 00:00:00 ~ 2021-08-21 00:00:00,0
2021-08-21 00:00:00 ~ 2021-08-22 00:00:00,146
2021-08-22 00:00:00 ~ 2021-08-23 00:00:00,441
2021-08-23 00:00:00 ~ 2021-08-24 00:00:00,949
2021-08-24 00:00:00 ~ 2021-08-25 00:00:00,466
2021-08-25 00:00:00 ~ 2021-08-26 00:00:00,676
2021-08-26 00:00:00 ~ 2021-08-27 00:00:00,704
2021-08-27 00:00:00 ~ 2021-08-28 00:00:00,373
2021-08-28 00:00:00 ~ 2021-08-29 00:00:00,797
2021-08-29 00:00:00 ~ 2021-08-30 00:00:00,181
2021-08-30 00:00:00 ~ 2021-08-31 00:00:00,950
2021-08-31 00:00:00 ~ 2021-09-01 00:00:00,834
2021-09-01 00:00:00 ~ 2021-09-02 00:00:00,892
2021-09-02 00:00:00 ~ 2021-09-03 00:00:00,480
2021-09-03 00:00:00 ~ 2021-09-04 00:00:00,1077
2021-09-04 00:00:00 ~ 2021-09-05 00:00:00,659
2021-09-05 00:00:00 ~ 2021-09-06 00:00:00,298
2021-09-06 00:00:00 ~ 2021-09-07 00:00:00,326
2021-09-07 00:00:00 ~ 2021-09-08 00:00:00,861
2021-09-08 00:00:00 ~ 2021-09-09 00:00:00,823
2021-09-09 00:00:00 ~ 2021-09-10 00:00:00,659
2021-09-10 00:00:00 ~ 2021-09-11 00:00:00,737
2021-09-11 00:00:00 ~ 2021-09-12 00:00:00,282
2021-09-12 00:00:00 ~ 2021-09-13 00:00:00,918
2021-09-13 00:00:00 ~ 2021-09-14 00:00:00,395
2021-09-14 00:00:00 ~ 2021-09-15 00:00:00,464
2021-09-15 00:00:00 ~ 2021-09-16 00:00:00,431
2021-09-16 00:00:00 ~ 2021-09-17 00:00:00,1121
2021-09-17 00:00:00 ~ 2021-09-18 00:00:00,473
2021-09-18 00:00:00 ~ 2021-09-19 00:00:00,358
2021-09-19 00:00:00 ~ 2021-09-20 00:00:00,544
2021-09-20 00:00:00 ~ 2021-09-21 00:00:00,284
2021-09-21 00:00:00 ~ 2021-09-22 00:00:00,506
2021-09-22 00:00:00 ~ 2021-09-23 00:00:00,264
2021-09-23 00:00:00 ~ 2021-09-24 00:00:00,663
2021-09-24 00:00:00 ~ 2021-09-25 00:00:00,362
2021-09-25 00:00:00 ~ 2021-09-26 00:00:00,196
2021-09-26 00:00:00 ~ 2021-09-27 00:00:00,332
2021-09-27 00:00:00 ~ 2021-09-28 00:00:00,571
2021-09-28 00:00:00 ~ 2021-09-29 00:00:00,256
2021-09-29 00:00:00 ~ 2021-09-30 00:00:00,2174
2021-09-30 00:00:00 ~ 2021-10-01 00:00:00,722
2021-10-01 00:00:00 ~ 2021-10-02 00:00:00,428
2021-10-02 00:00:00 ~ 2021-10-03 00:00:00,520
2021-10-03 00:00:00 ~ 2021-10-04 00:00:00,603
2021-10-04 00:00:00 ~ 2021-10-05 00:00:00,299
2021-10-05 00:00:00 ~ 2021-10-06 00:00:00,1052
2021-10-06 00:00:00 ~ 2021-10-07 00:00:00,732
2021-10-07 00:00:00 ~ 2021-10-08 00:00:00,685
2021-10-08 00:00:00 ~ 2021-10-09 00:00:00,512
2021-10-09 00:00:00 ~ 2021-10-10 00:00:00,259
2021-10-10 00:00:00 ~ 2021-10-11 00:00:00,410
2021-10-11 00:00:00 ~ 2021-10-12 00:00:00,357
2021-10-12 00:00:00 ~ 2021-10-13 00:00:00,518
2021-10-13 00:00:00 ~ 2021-10-14 00:00:00,405
2021-10-14 00:00:00 ~ 2021-10-15 00:00:00,434
2021-10-15 00:00:00 ~ 2021-10-16 00:00:00,789
2021-10-16 00:00:00 ~ 2021-10-17 00:00:00,219
2021-10-17 00:00:00 ~ 2021-10-18 00:00:00,237
2021-10-18 00:00:00 ~ 2021-10-19 00:00:00,648
2021-10-19 00:00:00 ~ 2021-10-20 00:00:00,1087
2021-10-20 00:00:00 ~ 2021-10-21 00:00:00,363
2021-10-21 00:00:00 ~ 2021-10-22 00:00:00,608
2021-10-22 00:00:00 ~ 2021-10-23 00:00:00,720
2021-10-23 00:00:00 ~ 2021-10-24 00:00:00,250
2021-10-24 00:00:00 ~ 2021-10-25 00:00:00,519
2021-10-25 00:00:00 ~ 2021-10-26 00:00:00,629
2021-10-26 00:00:00 ~ 2021-10-27 00:00:00,910
2021-10-27 00:00:00 ~ 2021-10-28 00:00:00,426
2021-10-28 00:00:00 ~ 2021-10-29 00:00:00,276
2021-10-29 00:00:00 ~ 2021-10-30 00:00:00,331
2021-10-30 00:00:00 ~ 2021-10-31 00:00:00,243
2021-10-31 00:00:00 ~ 2021-11-01 00:00:00,217
2021-11-01 00:00:00 ~ 2021-11-02 00:00:00,606
2021-11-02 00:00:00 ~ 2021-11-03 00:00:00,736
2021-11-03 00:00:00 ~ 2021-11-04 00:00:00,817
2021-11-04 00:00:00 ~ 2021-11-05 00:00:00,1059
2021-11-05 00:00:00 ~ 2021-11-06 00:00:00,295
2021-11-06 00:00:00 ~ 2021-11-07 00:00:00,276
2021-11-07 00:00:00 ~ 2021-11-08 00:00:00,789
2021-11-08 00:00:00 ~ 2021-11-09 00:00:00,657
2021-11-09 00:00:00 ~ 2021-11-10 00:00:00,1820
2021-11-10 00:00:00 ~ 2021-11-11 00:00:00,553
2021-11-11 00:00:00 ~ 2021-11-12 00:00:00,1807
2021-11-12 00:00:00 ~ 2021-11-13 00:00:00,1049
2021-11-13 00:00:00 ~ 2021-11-14 00:00:00,471
2021-11-14 00:00:00 ~ 2021-11-15 00:00:00,510
2021-11-15 00:00:00 ~ 2021-11-16 00:00:00,1042
2021-11-16 00:00:00 ~ 2021-11-17 00:00:00,2731
2021-11-17 00:00:00 ~ 2021-11-18 00:00:00,1363
2021-11-18 00:00:00 ~ 2021-11-19 00:00:00,1172
2021-11-19 00:00:00 ~ 2021-11-20 00:00:00,0
2021-11-20 00:00:00 ~ 2021-11-21 00:00:00,0
2021-11-21 00:00:00 ~ 2021-11-22 00:00:00,0
2021-11-22 00:00:00 ~ 2021-11-23 00:00:00,0
2021-11-23 00:00:00 ~ 2021-11-24 00:00:00,0
2021-11-24 00:00:00 ~ 2021-11-25 00:00:00,0
2021-11-25 00:00:00 ~ 2021-11-26 00:00:00,0
2021-11-26 00:00:00 ~ 2021-11-27 00:00:00,0
2021-11-27 00:00:00 ~ 2021-11-28 00:00:00,0
2021-11-28 00:00:00 ~ 2021-11-29 00:00:00,0
2021-11-29 00:00:00 ~ 2021-11-30 00:00:00,0
2021-11-30 00:00:00 ~ 2021-12-01 00:00:00,0
2021-12-01 00:00:00 ~ 2021-12-02 00:00:00,0
2021-12-02 00:00:00 ~ 2021-12-03 00:00:00,0
2021-12-03 00:00:00 ~ 2021-12-04 00:00:00,0
2021-12-04 00:00:00 ~ 2021-12-05 00:00:00,0
2021-12-05 00:00:00 ~ 2021-12-06 00:00:00,0
2021-12-06 00:00:00 ~ 2021-12-07 00:00:00,0
2021-12-07 00:00:00 ~ 2021-12-08 00:00:00,0
2021-12-08 00:00:00 ~ 2021-12-09 00:00:00,0
2021-12-09 00:00:00 ~ 2021-12-10 00:00:00,0
2021-12-10 00:00:00 ~ 2021-12-11 00:00:00,56
2021-12-11 00:00:00 ~ 2021-12-12 00:00:00,313
2021-12-12 00:00:00 ~ 2021-12-13 00:00:00,556
2021-12-13 00:00:00 ~ 2021-12-14 00:00:00,565
2021-12-14 00:00:00 ~ 2021-12-15 00:00:00,796
2021-12-15 00:00:00 ~ 2021-12-16 00:00:00,2494
2021-12-16 00:00:00 ~ 2021-12-17 00:00:00,986
2021-12-17 00:00:00 ~ 2021-12-18 00:00:00,1197
2021-12-18 00:00:00 ~ 2021-12-19 00:00:00,442
2021-12-19 00:00:00 ~ 2021-12-20 00:00:00,803
2021-12-20 00:00:00 ~ 2021-12-21 00:00:00,3022
2021-12-21 00:00:00 ~ 2021-12-22 00:00:00,2027
2021-12-22 00:00:00 ~ 2021-12-23 00:00:00,1143
2021-12-23 00:00:00 ~ 2021-12-24 00:00:00,714
2021-12-24 00:00:00 ~ 2021-12-25 00:00:00,532
2021-12-25 00:00:00 ~ 2021-12-26 00:00:00,468
2021-12-26 00:00:00 ~ 2021-12-27 00:00:00,602
2021-12-27 00:00:00 ~ 2021-12-28 00:00:00,305
2021-12-28 00:00:00 ~ 2021-12-29 00:00:00,0
2021-12-29 00:00:00 ~ 2021-12-30 00:00:00,0
2021-12-30 00:00:00 ~ 2021-12-31 00:00:00,0
2021-12-31 00:00:00 ~ 2022-01-01 00:00:00,0
2022-01-01 00:00:00 ~ 2022-01-02 00:00:00,0
2022-01-02 00:00:00 ~ 2022-01-03 00:00:00,129
2022-01-03 00:00:00 ~ 2022-01-04 00:00:00,165
2022-01-04 00:00:00 ~ 2022-01-05 00:00:00,322
2022-01-05 00:00:00 ~ 2022-01-06 00:00:00,1130
2022-01-06 00:00:00 ~ 2022-01-07 00:00:00,649
2022-01-07 00:00:00 ~ 2022-01-08 00:00:00,679
2022-01-08 00:00:00 ~ 2022-01-09 00:00:00,367
2022-01-09 00:00:00 ~ 2022-01-10 00:00:00,292
2022-01-10 00:00:00 ~ 2022-01-11 00:00:00,509
2022-01-11 00:00:00 ~ 2022-01-12 00:00:00,1462
2022-01-12 00:00:00 ~ 2022-01-13 00:00:00,1349
2022-01-13 00:00:00 ~ 2022-01-14 00:00:00,546
2022-01-14 00:00:00 ~ 2022-01-15 00:00:00,567
2022-01-15 00:00:00 ~ 2022-01-16 00:00:00,2489
2022-01-16 00:00:00 ~ 2022-01-17 00:00:00,998
2022-01-17 00:00:00 ~ 2022-01-18 00:00:00,815
2022-01-18 00:00:00 ~ 2022-01-19 00:00:00,477
2022-01-19 00:00:00 ~ 2022-01-20 00:00:00,1160
2022-01-20 00:00:00 ~ 2022-01-21 00:00:00,1319
2022-01-21 00:00:00 ~ 2022-01-22 00:00:00,603
2022-01-22 00:00:00 ~ 2022-01-23 00:00:00,778
2022-01-23 00:00:00 ~ 2022-01-24 00:00:00,691
2022-01-24 00:00:00 ~ 2022-01-25 00:00:00,942
2022-01-25 00:00:00 ~ 2022-01-26 00:00:00,1018
2022-01-26 00:00:00 ~ 2022-01-27 00:00:00,713
2022-01-27 00:00:00 ~ 2022-01-28 00:00:00,959
2022-01-28 00:00:00 ~ 2022-01-29 00:00:00,932
2022-01-29 00:00:00 ~ 2022-01-30 00:00:00,646
2022-01-30 00:00:00 ~ 2022-01-31 00:00:00,510
2022-01-31 00:00:00 ~ 2022-02-01 00:00:00,899
2022-02-01 00:00:00 ~ 2022-02-02 00:00:00,492
2022-02-02 00:00:00 ~ 2022-02-03 00:00:00,1233
2022-02-03 00:00:00 ~ 2022-02-04 00:00:00,1099
2022-02-04 00:00:00 ~ 2022-02-05 00:00:00,1285
2022-02-05 00:00:00 ~ 2022-02-06 00:00:00,766
2022-02-06 00:00:00 ~ 2022-02-07 00:00:00,842
2022-02-07 00:00:00 ~ 2022-02-08 00:00:00,756
2022-02-08 00:00:00 ~ 2022-02-09 00:00:00,550
2022-02-09 00:00:00 ~ 2022-02-10 00:00:00,974
2022-02-10 00:00:00 ~ 2022-02-11 00:00:00,797
2022-02-11 00:00:00 ~ 2022-02-12 00:00:00,735
2022-02-12 00:00:00 ~ 2022-02-13 00:00:00,1244
2022-02-13 00:00:00 ~ 2022-02-14 00:00:00,948
2022-02-14 00:00:00 ~ 2022-02-15 00:00:00,1298
2022-02-15 00:00:00 ~ 2022-02-16 00:00:00,505
2022-02-16 00:00:00 ~ 2022-02-17 00:00:00,949
2022-02-17 00:00:00 ~ 2022-02-18 00:00:00,978
2022-02-18 00:00:00 ~ 2022-02-19 00:00:00,1121
2022-02-19 00:00:00 ~ 2022-02-20 00:00:00,1272
2022-02-20 00:00:00 ~ 2022-02-21 00:00:00,1448
2022-02-21 00:00:00 ~ 2022-02-22 00:00:00,994
2022-02-22 00:00:00 ~ 2022-02-23 00:00:00,1572
2022-02-23 00:00:00 ~ 2022-02-24 00:00:00,898
2022-02-24 00:00:00 ~ 2022-02-25 00:00:00,1219
2022-02-25 00:00:00 ~ 2022-02-26 00:00:00,1993
2022-02-26 00:00:00 ~ 2022-02-27 00:00:00,480
2022-02-27 00:00:00 ~ 2022-02-28 00:00:00,609
2022-02-28 00:00:00 ~ 2022-03-01 00:00:00,1682
2022-03-01 00:00:00 ~ 2022-03-02 00:00:00,1319
2022-03-02 00:00:00 ~ 2022-03-03 00:00:00,1125
2022-03-03 00:00:00 ~ 2022-03-04 00:00:00,858
2022-03-04 00:00:00 ~ 2022-03-05 00:00:00,786
2022-03-05 00:00:00 ~ 2022-03-06 00:00:00,574
2022-03-06 00:00:00 ~ 2022-03-07 00:00:00,652
2022-03-07 00:00:00 ~ 2022-03-08 00:00:00,599
2022-03-08 00:00:00 ~ 2022-03-09 00:00:00,860
2022-03-09 00:00:00 ~ 2022-03-10 00:00:00,1372
2022-03-10 00:00:00 ~ 2022-03-11 00:00:00,1381
2022-03-11 00:00:00 ~ 2022-03-12 00:00:00,1348
2022-03-12 00:00:00 ~ 2022-03-13 00:00:00,679
2022-03-13 00:00:00 ~ 2022-03-14 00:00:00,792
2022-03-14 00:00:00 ~ 2022-03-15 00:00:00,1179
2022-03-15 00:00:00 ~ 2022-03-16 00:00:00,716
2022-03-16 00:00:00 ~ 2022-03-17 00:00:00,450
2022-03-17 00:00:00 ~ 2022-03-18 00:00:00,940
2022-03-18 00:00:00 ~ 2022-03-19 00:00:00,782
2022-03-19 00:00:00 ~ 2022-03-20 00:00:00,797
2022-03-20 00:00:00 ~ 2022-03-21 00:00:00,795
2022-03-21 00:00:00 ~ 2022-03-22 00:00:00,689
2022-03-22 00:00:00 ~ 2022-03-23 00:00:00,1534
2022-03-23 00:00:00 ~ 2022-03-24 00:00:00,1141
2022-03-24 00:00:00 ~ 2022-03-25 00:00:00,1730
2022-03-25 00:00:00 ~ 2022-03-26 00:00:00,963
2022-03-26 00:00:00 ~ 2022-03-27 00:00:00,1008
2022-03-27 00:00:00 ~ 2022-03-28 00:00:00,363
2022-03-28 00:00:00 ~ 2022-03-29 00:00:00,816
2022-03-29 00:00:00 ~ 2022-03-30 00:00:00,1952
2022-03-30 00:00:00 ~ 2022-03-31 00:00:00,2070
2022-03-31 00:00:00 ~ 2022-04-01 00:00:00,2072
2022-04-01 00:00:00 ~ 2022-04-02 00:00:00,3161
2022-04-02 00:00:00 ~ 2022-04-03 00:00:00,659
2022-04-03 00:00:00 ~ 2022-04-04 00:00:00,852
2022-04-04 00:00:00 ~ 2022-04-05 00:00:00,1572
2022-04-05 00:00:00 ~ 2022-04-06 00:00:00,1359
2022-04-06 00:00:00 ~ 2022-04-07 00:00:00,947
2022-04-07 00:00:00 ~ 2022-04-08 00:00:00,664
2022-04-08 00:00:00 ~ 2022-04-09 00:00:00,854
2022-04-09 00:00:00 ~ 2022-04-10 00:00:00,353
2022-04-10 00:00:00 ~ 2022-04-11 00:00:00,438
2022-04-11 00:00:00 ~ 2022-04-12 00:00:00,750
2022-04-12 00:00:00 ~ 2022-04-13 00:00:00,765
2022-04-13 00:00:00 ~ 2022-04-14 00:00:00,2153
2022-04-14 00:00:00 ~ 2022-04-15 00:00:00,1677
2022-04-15 00:00:00 ~ 2022-04-16 00:00:00,665
2022-04-16 00:00:00 ~ 2022-04-17 00:00:00,1131
2022-04-17 00:00:00 ~ 2022-04-18 00:00:00,1390
2022-04-18 00:00:00 ~ 2022-04-19 00:00:00,1406
2022-04-19 00:00:00 ~ 2022-04-20 00:00:00,525
2022-04-20 00:00:00 ~ 2022-04-21 00:00:00,3484
2022-04-21 00:00:00 ~ 2022-04-22 00:00:00,1229
2022-04-22 00:00:00 ~ 2022-04-23 00:00:00,1159
2022-04-23 00:00:00 ~ 2022-04-24 00:00:00,647
2022-04-24 00:00:00 ~ 2022-04-25 00:00:00,1597
2022-04-25 00:00:00 ~ 2022-04-26 00:00:00,1550
2022-04-26 00:00:00 ~ 2022-04-27 00:00:00,1290
2022-04-27 00:00:00 ~ 2022-04-28 00:00:00,810
2022-04-28 00:00:00 ~ 2022-04-29 00:00:00,3665
2022-04-29 00:00:00 ~ 2022-04-30 00:00:00,1326
2022-04-30 00:00:00 ~ 2022-05-01 00:00:00,730
2022-05-01 00:00:00 ~ 2022-05-02 00:00:00,1556
2022-05-02 00:00:00 ~ 2022-05-03 00:00:00,530
2022-05-03 00:00:00 ~ 2022-05-04 00:00:00,467
2022-05-04 00:00:00 ~ 2022-05-05 00:00:00,727
2022-05-05 00:00:00 ~ 2022-05-06 00:00:00,1197
2022-05-06 00:00:00 ~ 2022-05-07 00:00:00,820
2022-05-07 00:00:00 ~ 2022-05-08 00:00:00,615
2022-05-08 00:00:00 ~ 2022-05-09 00:00:00,633
2022-05-09 00:00:00 ~ 2022-05-10 00:00:00,842
2022-05-10 00:00:00 ~ 2022-05-11 00:00:00,894
2022-05-11 00:00:00 ~ 2022-05-12 00:00:00,1314
2022-05-12 00:00:00 ~ 2022-05-13 00:00:00,803
2022-05-13 00:00:00 ~ 2022-05-14 00:00:00,1240
2022-05-14 00:00:00 ~ 2022-05-15 00:00:00,462
2022-05-15 00:00:00 ~ 2022-05-16 00:00:00,435
2022-05-16 00:00:00 ~ 2022-05-17 00:00:00,2409
2022-05-17 00:00:00 ~ 2022-05-18 00:00:00,1211
2022-05-18 00:00:00 ~ 2022-05-19 00:00:00,1204
2022-05-19 00:00:00 ~ 2022-05-20 00:00:00,716
2022-05-20 00:00:00 ~ 2022-05-21 00:00:00,958
2022-05-21 00:00:00 ~ 2022-05-22 00:00:00,573
2022-05-22 00:00:00 ~ 2022-05-23 00:00:00,1550
2022-05-23 00:00:00 ~ 2022-05-24 00:00:00,1161
2022-05-24 00:00:00 ~ 2022-05-25 00:00:00,861
2022-05-25 00:00:00 ~ 2022-05-26 00:00:00,1415
2022-05-26 00:00:00 ~ 2022-05-27 00:00:00,1260
2022-05-27 00:00:00 ~ 2022-05-28 00:00:00,821
2022-05-28 00:00:00 ~ 2022-05-29 00:00:00,1256
2022-05-29 00:00:00 ~ 2022-05-30 00:00:00,720
2022-05-30 00:00:00 ~ 2022-05-31 00:00:00,1218
2022-05-31 00:00:00 ~ 2022-06-01 00:00:00,1357
2022-06-01 00:00:00 ~ 2022-06-02 00:00:00,2322
2022-06-02 00:00:00 ~ 2022-06-03 00:00:00,864
2022-06-03 00:00:00 ~ 2022-06-04 00:00:00,2158
2022-06-04 00:00:00 ~ 2022-06-05 00:00:00,3544
2022-06-05 00:00:00 ~ 2022-06-06 00:00:00,1267
2022-06-06 00:00:00 ~ 2022-06-07 00:00:00,1041
2022-06-07 00:00:00 ~ 2022-06-08 00:00:00,1121
2022-06-08 00:00:00 ~ 2022-06-09 00:00:00,974
2022-06-09 00:00:00 ~ 2022-06-10 00:00:00,776
2022-06-10 00:00:00 ~ 2022-06-11 00:00:00,858
2022-06-11 00:00:00 ~ 2022-06-12 00:00:00,819
2022-06-12 00:00:00 ~ 2022-06-13 00:00:00,764
2022-06-13 00:00:00 ~ 2022-06-14 00:00:00,1610
2022-06-14 00:00:00 ~ 2022-06-15 00:00:00,1360
2022-06-15 00:00:00 ~ 2022-06-16 00:00:00,978
2022-06-16 00:00:00 ~ 2022-06-17 00:00:00,313
2022-06-17 00:00:00 ~ 2022-06-18 00:00:00,0
2022-06-18 00:00:00 ~ 2022-06-19 00:00:00,0
2022-06-19 00:00:00 ~ 2022-06-20 00:00:00,0
2022-06-20 00:00:00 ~ 2022-06-21 00:00:00,0
2022-06-21 00:00:00 ~ 2022-06-22 00:00:00,0
2022-06-22 00:00:00 ~ 2022-06-23 00:00:00,0
2022-06-23 00:00:00 ~ 2022-06-24 00:00:00,0
2022-06-24 00:00:00 ~ 2022-06-25 00:00:00,0
2022-06-25 00:00:00 ~ 2022-06-26 00:00:00,0
2022-06-26 00:00:00 ~ 2022-06-27 00:00:00,0
2022-06-27 00:00:00 ~ 2022-06-28 00:00:00,0
2022-06-28 00:00:00 ~ 2022-06-29 00:00:00,0
2022-06-29 00:00:00 ~ 2022-06-30 00:00:00,0
2022-06-30 00:00:00 ~ 2022-07-01 00:00:00,0
2022-07-01 00:00:00 ~ 2022-07-02 00:00:00,0
2022-07-02 00:00:00 ~ 2022-07-03 00:00:00,0
2022-07-03 00:00:00 ~ 2022-07-04 00:00:00,0
2022-07-04 00:00:00 ~ 2022-07-05 00:00:00,0
2022-07-05 00:00:00 ~ 2022-07-06 00:00:00,0
2022-07-06 00:00:00 ~ 2022-07-07 00:00:00,0
2022-07-07 00:00:00 ~ 2022-07-08 00:00:00,0
